"log_id","student_id","book_id","action","timestamp"
"1","415","601","Issued","2024-11-30 17:02:36"
"2","731","594","Returned","2024-12-05 09:26:47"
"3","122","198","Returned","2024-09-06 05:08:26"
"4","594","733","Returned","2024-11-16 02:45:54"
"5","475","910","Issued","2025-01-23 14:02:17"
"6","376","580","Returned","2024-11-10 06:17:42"
"7","476","258","Issued","2024-09-17 22:52:48"
"8","190","904","Returned","2024-08-02 14:15:20"
"9","903","304","Issued","2025-04-20 08:27:43"
"10","853","682","Returned","2024-10-27 03:52:02"
"11","617","575","Issued","2024-08-04 08:23:12"
"12","942","801","Issued","2024-07-15 06:42:42"
"13","111","857","Issued","2025-04-25 10:35:19"
"14","544","315","Returned","2024-09-17 03:10:57"
"15","285","861","Issued","2024-10-10 08:00:17"
"16","921","176","Returned","2024-09-03 02:21:53"
"17","233","978","Issued","2024-07-26 04:18:54"
"18","953","653","Issued","2024-08-30 23:38:44"
"19","305","504","Issued","2024-10-02 01:34:39"
"20","792","615","Issued","2024-09-22 16:57:36"
"21","917","946","Issued","2025-02-02 14:59:17"
"22","448","270","Issued","2024-08-09 02:21:04"
"23","731","277","Issued","2024-07-09 13:26:32"
"24","344","955","Issued","2025-01-27 17:05:21"
"25","813","313","Issued","2025-03-11 07:25:15"
"26","709","664","Returned","2025-05-21 14:36:12"
"27","475","665","Returned","2024-08-17 13:38:52"
"28","633","501","Returned","2024-10-10 15:26:47"
"29","315","564","Issued","2025-02-21 16:13:03"
"30","6","963","Issued","2024-07-30 14:55:12"
"31","961","968","Returned","2024-11-12 15:40:23"
"32","892","427","Issued","2025-06-12 07:12:09"
"33","22","535","Returned","2025-02-18 05:51:35"
"34","969","719","Issued","2025-06-11 07:38:29"
"35","589","495","Issued","2025-05-28 22:32:18"
"36","918","41","Issued","2024-09-29 19:10:25"
"37","99","742","Issued","2025-03-13 05:19:54"
"38","35","140","Issued","2024-12-03 22:20:03"
"39","491","611","Returned","2024-12-15 13:20:04"
"40","534","876","Returned","2024-08-04 11:04:51"
"41","17","940","Returned","2024-09-11 16:23:06"
"42","746","20","Issued","2024-08-07 15:53:12"
"43","948","118","Returned","2025-03-24 23:51:31"
"44","244","290","Returned","2025-04-16 18:27:38"
"45","447","836","Issued","2024-12-16 02:59:11"
"46","904","992","Issued","2024-09-07 22:49:20"
"47","949","287","Issued","2024-09-12 00:07:52"
"48","165","434","Issued","2025-01-28 01:48:03"
"49","763","992","Issued","2025-05-03 03:23:22"
"50","32","642","Issued","2024-06-26 14:12:41"
"51","879","162","Issued","2024-11-19 05:37:22"
"52","352","164","Issued","2024-09-17 01:34:04"
"53","26","673","Issued","2025-03-14 19:43:45"
"54","313","571","Issued","2025-04-24 20:43:45"
"55","388","799","Returned","2025-02-20 23:53:03"
"56","66","585","Issued","2025-06-16 02:32:58"
"57","407","700","Returned","2024-07-24 02:22:23"
"58","30","674","Issued","2024-09-23 23:58:30"
"59","841","894","Issued","2024-09-08 21:11:07"
"60","488","506","Issued","2024-09-23 00:17:05"
"61","375","693","Issued","2025-05-23 07:28:18"
"62","30","980","Issued","2025-06-13 14:56:57"
"63","400","781","Issued","2025-01-23 12:23:15"
"64","205","970","Issued","2025-04-30 10:12:50"
"65","33","128","Returned","2025-02-21 15:04:16"
"66","444","172","Returned","2024-12-16 08:54:03"
"67","84","528","Returned","2024-10-26 13:37:34"
"68","111","625","Returned","2025-03-18 16:59:54"
"69","959","223","Returned","2024-08-08 05:13:31"
"70","159","282","Returned","2024-08-06 20:23:08"
"71","35","124","Returned","2024-07-23 09:57:18"
"72","517","693","Issued","2024-08-11 00:18:21"
"73","896","323","Returned","2024-11-19 00:44:20"
"74","25","225","Returned","2024-12-09 21:22:24"
"75","84","529","Issued","2025-06-22 08:43:46"
"76","930","428","Returned","2024-10-06 06:33:08"
"77","560","638","Issued","2025-01-12 08:51:25"
"78","570","306","Issued","2025-01-14 17:57:55"
"79","865","939","Issued","2025-04-30 00:10:28"
"80","608","690","Issued","2024-12-01 04:46:07"
"81","263","283","Issued","2024-10-05 18:03:59"
"82","199","135","Issued","2024-09-11 22:50:32"
"83","899","633","Issued","2024-12-30 01:08:47"
"84","520","187","Returned","2025-03-29 19:08:10"
"85","90","461","Returned","2025-06-14 01:57:58"
"86","370","296","Issued","2025-06-03 08:01:03"
"87","499","794","Issued","2025-05-11 11:43:56"
"88","804","758","Returned","2024-09-01 13:08:45"
"89","514","708","Issued","2024-07-24 16:00:23"
"90","237","944","Issued","2024-10-14 21:26:18"
"91","880","583","Issued","2025-06-14 10:10:27"
"92","518","269","Issued","2024-09-26 13:13:44"
"93","315","313","Returned","2024-10-23 22:43:23"
"94","336","62","Issued","2024-08-02 14:55:37"
"95","814","130","Issued","2024-09-13 15:20:53"
"96","17","945","Returned","2024-08-04 20:00:16"
"97","544","868","Issued","2025-02-01 03:51:33"
"98","802","520","Issued","2025-05-13 11:55:26"
"99","513","806","Issued","2025-06-11 10:59:00"
"100","114","114","Returned","2024-12-31 16:14:24"
"101","156","547","Issued","2025-03-22 22:14:39"
"102","81","12","Returned","2025-03-01 09:53:19"
"103","331","324","Returned","2025-04-01 22:12:16"
"104","995","155","Issued","2025-01-14 07:08:10"
"105","296","998","Issued","2024-08-25 04:18:47"
"106","564","255","Issued","2024-12-22 19:50:52"
"107","36","608","Issued","2025-02-01 21:35:07"
"108","939","746","Returned","2025-03-20 14:28:13"
"109","511","755","Returned","2025-04-29 04:32:43"
"110","178","97","Issued","2025-06-13 03:04:22"
"111","231","952","Returned","2024-12-05 09:06:18"
"112","786","562","Returned","2025-02-13 22:39:46"
"113","99","176","Issued","2024-08-11 05:43:11"
"114","789","73","Returned","2025-04-10 01:36:59"
"115","831","541","Issued","2025-06-06 09:10:34"
"116","844","954","Returned","2024-07-07 07:58:09"
"117","316","905","Returned","2025-03-12 11:15:04"
"118","412","965","Returned","2025-01-28 11:21:38"
"119","674","607","Returned","2024-08-24 05:02:38"
"120","808","722","Returned","2024-06-27 09:55:34"
"121","56","599","Issued","2025-01-04 19:05:25"
"122","47","581","Issued","2025-06-24 21:45:09"
"123","410","634","Returned","2025-01-03 11:54:59"
"124","722","202","Issued","2025-05-27 22:12:49"
"125","19","241","Issued","2024-07-11 03:23:48"
"126","955","985","Issued","2025-03-21 00:05:37"
"127","448","137","Issued","2024-11-18 20:23:55"
"128","389","706","Issued","2024-11-27 03:36:50"
"129","707","403","Returned","2025-02-11 19:56:19"
"130","809","480","Returned","2024-12-30 23:44:49"
"131","277","1000","Issued","2025-01-17 21:27:05"
"132","630","901","Returned","2024-07-14 15:36:54"
"133","568","697","Returned","2024-07-12 06:32:30"
"134","482","188","Returned","2025-05-15 23:54:25"
"135","291","651","Returned","2024-08-13 04:50:06"
"136","689","933","Returned","2025-01-24 16:33:49"
"137","341","753","Issued","2024-08-21 12:18:25"
"138","554","813","Returned","2025-02-20 11:30:58"
"139","442","647","Returned","2024-12-07 19:01:36"
"140","321","110","Issued","2025-05-15 05:54:37"
"141","137","381","Returned","2025-06-23 13:02:37"
"142","406","745","Issued","2024-11-02 21:02:29"
"143","346","410","Returned","2025-01-05 01:58:13"
"144","960","450","Issued","2025-06-13 05:42:53"
"145","669","605","Returned","2024-10-20 00:13:59"
"146","111","275","Issued","2024-08-31 07:29:25"
"147","992","828","Returned","2024-07-12 06:59:48"
"148","425","62","Returned","2025-01-31 10:56:36"
"149","843","36","Returned","2025-01-14 16:18:04"
"150","8","322","Returned","2025-02-21 08:27:18"
"151","296","711","Returned","2025-05-16 07:29:39"
"152","338","561","Returned","2025-03-03 05:54:12"
"153","63","599","Returned","2024-07-30 14:36:01"
"154","661","203","Issued","2024-11-15 08:18:39"
"155","291","896","Issued","2024-09-07 02:31:59"
"156","655","356","Returned","2025-01-27 06:33:45"
"157","777","768","Returned","2024-11-09 07:21:50"
"158","801","534","Returned","2024-08-31 10:49:57"
"159","7","358","Issued","2024-12-19 14:41:30"
"160","403","730","Issued","2025-02-25 14:22:44"
"161","28","774","Returned","2024-07-28 17:48:54"
"162","823","836","Issued","2025-06-07 01:32:22"
"163","340","823","Returned","2025-03-08 15:21:14"
"164","414","283","Returned","2025-03-01 00:11:03"
"165","472","719","Returned","2024-11-23 07:49:13"
"166","340","89","Issued","2024-06-27 01:56:13"
"167","793","243","Issued","2025-03-14 12:49:03"
"168","23","255","Returned","2025-01-23 21:02:36"
"169","415","773","Issued","2024-11-12 04:03:08"
"170","352","770","Issued","2024-07-07 16:31:59"
"171","218","614","Issued","2025-06-05 07:08:02"
"172","897","64","Returned","2024-08-27 12:08:22"
"173","513","828","Returned","2025-04-30 10:51:30"
"174","431","220","Returned","2024-09-28 06:44:11"
"175","830","691","Returned","2025-06-21 19:24:32"
"176","793","65","Issued","2024-11-15 23:41:08"
"177","442","590","Returned","2025-06-12 04:21:31"
"178","313","546","Issued","2025-05-09 21:08:46"
"179","873","367","Returned","2024-08-05 14:27:35"
"180","903","339","Returned","2024-10-17 17:06:34"
"181","586","981","Issued","2024-11-02 07:48:04"
"182","983","580","Issued","2024-11-19 15:02:27"
"183","26","56","Issued","2025-05-09 11:18:16"
"184","127","726","Returned","2024-08-25 18:22:41"
"185","577","701","Returned","2025-02-22 09:51:12"
"186","649","234","Returned","2025-04-24 05:22:07"
"187","41","727","Issued","2024-09-18 23:14:47"
"188","313","209","Returned","2025-04-20 05:38:16"
"189","583","219","Returned","2024-12-30 08:51:06"
"190","915","696","Returned","2024-06-29 14:53:08"
"191","269","531","Issued","2024-11-29 01:48:30"
"192","872","482","Returned","2024-11-01 02:30:53"
"193","948","247","Issued","2025-02-04 01:16:46"
"194","84","197","Issued","2025-04-26 17:21:18"
"195","774","505","Returned","2025-04-19 08:32:37"
"196","159","277","Issued","2024-07-31 14:09:38"
"197","162","960","Returned","2025-04-17 16:57:35"
"198","921","565","Issued","2024-09-20 08:30:31"
"199","558","772","Issued","2025-01-30 18:58:16"
"200","435","813","Issued","2024-12-28 15:17:12"
"201","222","329","Returned","2025-04-10 08:32:20"
"202","446","855","Returned","2025-04-18 06:55:10"
"203","123","457","Issued","2025-05-07 19:26:29"
"204","987","884","Issued","2025-05-24 14:32:59"
"205","232","599","Issued","2024-09-05 22:29:53"
"206","169","50","Returned","2025-02-14 21:00:22"
"207","600","225","Issued","2024-07-26 20:11:32"
"208","116","561","Returned","2024-08-24 06:40:00"
"209","696","332","Returned","2024-09-07 01:36:58"
"210","596","688","Issued","2025-03-07 11:45:50"
"211","912","717","Issued","2024-08-10 03:16:31"
"212","752","623","Issued","2024-07-18 06:21:04"
"213","290","623","Issued","2025-05-08 06:11:22"
"214","577","849","Returned","2024-12-17 12:13:21"
"215","191","326","Issued","2025-06-02 20:37:12"
"216","40","685","Returned","2025-02-26 00:29:46"
"217","285","562","Issued","2025-06-20 15:24:40"
"218","325","457","Returned","2025-01-29 02:43:33"
"219","157","68","Issued","2025-04-21 07:58:44"
"220","171","651","Issued","2025-02-26 21:46:13"
"221","731","785","Issued","2025-04-13 17:19:57"
"222","376","482","Returned","2024-10-15 09:27:40"
"223","705","743","Issued","2024-07-10 10:20:50"
"224","402","954","Issued","2024-09-14 02:28:45"
"225","163","175","Issued","2024-09-06 13:05:15"
"226","456","772","Issued","2024-08-28 03:04:33"
"227","197","612","Issued","2025-06-15 17:16:33"
"228","988","788","Issued","2024-11-02 05:38:02"
"229","833","753","Issued","2025-01-14 22:38:19"
"230","445","698","Returned","2024-08-24 10:22:39"
"231","858","43","Issued","2024-11-29 04:44:27"
"232","365","177","Issued","2024-10-21 05:39:47"
"233","485","719","Returned","2024-09-16 05:44:39"
"234","74","596","Issued","2024-09-21 08:46:07"
"235","388","175","Returned","2024-11-02 05:04:23"
"236","596","991","Returned","2025-04-02 16:31:33"
"237","688","267","Returned","2025-04-28 20:59:52"
"238","242","176","Returned","2025-03-21 12:20:52"
"239","729","794","Issued","2025-05-28 12:57:22"
"240","434","258","Returned","2024-10-04 11:20:31"
"241","584","890","Returned","2025-02-21 18:17:35"
"242","700","105","Returned","2024-07-15 06:23:29"
"243","860","713","Returned","2024-11-27 16:27:11"
"244","640","688","Issued","2025-04-25 21:57:28"
"245","251","946","Issued","2025-06-09 13:16:21"
"246","286","239","Issued","2024-12-03 17:40:04"
"247","120","637","Issued","2025-06-25 05:18:03"
"248","656","988","Issued","2024-09-05 06:36:39"
"249","36","158","Issued","2025-02-06 00:54:03"
"250","543","964","Issued","2025-05-14 08:06:57"
"251","222","605","Issued","2024-09-02 07:13:45"
"252","972","346","Issued","2024-07-20 19:35:04"
"253","912","405","Issued","2025-04-06 20:06:19"
"254","337","708","Returned","2024-10-01 13:16:03"
"255","903","600","Returned","2025-02-20 04:14:46"
"256","113","861","Issued","2025-01-08 00:02:24"
"257","122","185","Issued","2024-06-30 22:00:49"
"258","696","569","Issued","2025-01-01 22:46:20"
"259","306","935","Issued","2024-11-25 13:02:38"
"260","942","702","Issued","2025-01-28 15:53:37"
"261","323","199","Issued","2025-04-13 12:18:24"
"262","621","927","Returned","2025-04-05 08:10:17"
"263","633","566","Returned","2025-01-02 21:35:35"
"264","30","420","Returned","2024-11-15 18:51:11"
"265","954","802","Issued","2024-11-20 16:09:53"
"266","199","825","Returned","2025-04-04 16:00:24"
"267","515","33","Issued","2025-05-31 18:34:18"
"268","792","947","Issued","2024-10-24 08:46:22"
"269","86","246","Issued","2024-08-04 03:00:02"
"270","714","273","Issued","2024-11-22 07:55:20"
"271","519","550","Returned","2025-06-24 16:35:23"
"272","548","139","Returned","2025-05-19 00:59:17"
"273","740","84","Issued","2024-11-29 06:17:48"
"274","690","552","Returned","2024-08-29 00:31:08"
"275","108","203","Returned","2024-10-05 19:02:32"
"276","595","178","Issued","2025-04-11 09:28:33"
"277","845","177","Issued","2025-01-12 21:02:18"
"278","710","554","Returned","2024-08-09 12:42:46"
"279","668","710","Returned","2025-05-18 05:25:42"
"280","97","861","Returned","2025-06-12 20:59:34"
"281","621","54","Returned","2025-02-20 04:23:33"
"282","1","812","Returned","2024-07-15 09:12:13"
"283","945","110","Issued","2025-04-05 12:57:40"
"284","400","504","Returned","2024-09-07 00:42:31"
"285","887","187","Returned","2024-12-26 02:48:16"
"286","470","208","Issued","2025-03-08 13:50:38"
"287","55","467","Returned","2025-04-03 02:16:41"
"288","740","244","Issued","2025-01-05 07:59:02"
"289","700","488","Returned","2024-07-31 07:42:49"
"290","619","203","Issued","2024-07-03 22:14:38"
"291","293","9","Issued","2025-04-17 00:20:49"
"292","816","371","Issued","2024-08-14 02:36:24"
"293","223","157","Returned","2024-10-12 05:43:58"
"294","237","289","Returned","2025-06-20 11:53:20"
"295","96","460","Returned","2025-04-21 08:41:54"
"296","513","840","Issued","2024-08-27 17:07:55"
"297","872","690","Returned","2025-01-23 15:38:06"
"298","777","856","Issued","2024-10-22 12:41:09"
"299","483","351","Issued","2025-03-16 23:50:28"
"300","651","541","Returned","2025-04-03 03:14:59"
"301","377","446","Issued","2025-01-30 21:56:09"
"302","740","974","Returned","2025-05-12 05:09:53"
"303","915","728","Returned","2024-11-27 14:08:53"
"304","605","371","Returned","2024-11-20 08:35:36"
"305","293","143","Returned","2025-01-27 15:39:50"
"306","975","610","Issued","2025-01-24 11:57:58"
"307","947","519","Issued","2025-01-28 07:24:35"
"308","280","805","Returned","2024-10-14 15:03:05"
"309","848","134","Issued","2024-08-05 20:20:40"
"310","769","224","Returned","2024-11-27 22:47:52"
"311","951","672","Issued","2025-02-03 12:50:58"
"312","375","572","Returned","2025-05-01 15:25:49"
"313","492","840","Returned","2024-11-03 11:42:34"
"314","619","436","Issued","2025-05-23 23:13:46"
"315","439","647","Issued","2025-01-03 13:09:09"
"316","816","203","Returned","2025-04-20 12:02:58"
"317","178","398","Issued","2024-11-06 17:03:51"
"318","776","34","Returned","2024-11-22 09:59:34"
"319","449","713","Returned","2024-07-11 10:22:03"
"320","85","166","Returned","2024-09-30 02:12:05"
"321","759","731","Returned","2024-12-04 00:54:22"
"322","605","32","Issued","2025-04-12 16:09:10"
"323","951","413","Issued","2024-11-22 04:44:43"
"324","872","455","Returned","2024-12-14 16:46:43"
"325","218","876","Returned","2024-10-14 09:40:35"
"326","773","269","Issued","2025-06-15 10:58:14"
"327","59","392","Returned","2025-02-03 12:13:36"
"328","306","153","Returned","2024-09-28 03:19:32"
"329","496","317","Returned","2025-05-24 03:04:07"
"330","871","822","Returned","2025-02-14 03:49:00"
"331","377","858","Returned","2024-12-09 14:15:38"
"332","737","271","Returned","2025-05-25 11:01:19"
"333","617","470","Returned","2025-02-14 09:22:26"
"334","344","363","Returned","2025-06-08 04:52:56"
"335","13","467","Issued","2024-10-09 22:21:51"
"336","129","954","Issued","2024-08-18 19:02:22"
"337","589","778","Issued","2024-10-21 21:30:36"
"338","433","549","Returned","2024-11-25 09:04:27"
"339","774","644","Issued","2024-10-26 22:32:51"
"340","674","325","Issued","2025-03-05 09:43:01"
"341","959","200","Issued","2024-12-30 23:07:49"
"342","228","797","Returned","2024-11-09 17:13:24"
"343","155","21","Issued","2024-08-09 14:19:49"
"344","913","294","Issued","2024-12-23 19:45:27"
"345","324","727","Returned","2024-07-10 18:05:12"
"346","745","760","Issued","2025-04-16 16:58:19"
"347","172","145","Returned","2024-09-18 12:52:27"
"348","569","864","Issued","2025-02-05 18:16:15"
"349","195","908","Issued","2024-11-04 02:11:37"
"350","686","209","Returned","2024-09-23 12:35:29"
"351","315","348","Issued","2024-12-11 00:32:43"
"352","355","37","Issued","2025-02-09 18:02:45"
"353","21","365","Returned","2025-04-12 00:30:24"
"354","13","668","Issued","2024-11-28 10:12:10"
"355","404","453","Returned","2025-05-27 22:15:52"
"356","57","484","Issued","2025-02-12 09:11:58"
"357","987","800","Issued","2025-02-20 15:26:12"
"358","752","919","Issued","2024-12-25 17:49:35"
"359","492","88","Issued","2024-10-03 04:52:22"
"360","516","426","Issued","2024-09-28 12:48:45"
"361","154","565","Issued","2025-04-13 10:12:32"
"362","421","301","Returned","2025-01-21 01:13:07"
"363","18","409","Returned","2025-05-13 23:00:25"
"364","704","398","Issued","2024-10-18 15:49:47"
"365","408","380","Issued","2024-07-08 16:23:42"
"366","476","518","Returned","2025-04-06 18:11:09"
"367","912","286","Issued","2025-04-19 01:54:33"
"368","889","623","Returned","2024-11-24 14:49:44"
"369","693","904","Issued","2024-07-15 23:49:57"
"370","520","444","Returned","2024-12-25 00:12:00"
"371","546","353","Issued","2025-02-23 04:30:05"
"372","833","451","Returned","2025-06-25 11:44:27"
"373","647","419","Issued","2025-03-22 08:30:28"
"374","812","917","Issued","2024-12-11 22:03:07"
"375","984","359","Returned","2024-10-26 21:24:36"
"376","887","914","Issued","2024-09-24 10:18:09"
"377","554","428","Returned","2024-10-27 09:54:08"
"378","132","212","Returned","2024-12-13 07:54:24"
"379","314","797","Issued","2024-08-12 11:19:21"
"380","448","695","Issued","2024-08-09 15:54:35"
"381","177","829","Issued","2025-01-20 20:40:15"
"382","851","837","Issued","2024-08-30 19:17:09"
"383","690","732","Issued","2024-07-20 01:11:39"
"384","959","789","Returned","2024-12-21 06:49:13"
"385","269","203","Returned","2025-01-05 02:07:14"
"386","573","638","Returned","2024-10-08 16:23:27"
"387","193","287","Returned","2024-12-01 07:35:39"
"388","575","309","Issued","2024-10-31 19:12:41"
"389","578","375","Issued","2024-08-15 19:24:28"
"390","578","592","Issued","2025-04-30 14:29:41"
"391","277","220","Returned","2024-07-11 15:15:06"
"392","379","254","Returned","2025-05-16 15:47:52"
"393","232","945","Issued","2025-03-15 13:05:45"
"394","74","938","Issued","2025-04-18 12:56:26"
"395","144","473","Issued","2024-11-28 10:00:19"
"396","674","710","Returned","2024-08-30 22:51:06"
"397","869","548","Returned","2025-05-04 02:46:51"
"398","949","806","Issued","2024-11-27 22:10:59"
"399","251","704","Issued","2025-03-10 21:28:49"
"400","296","358","Returned","2024-09-25 12:44:38"
"401","997","451","Returned","2024-08-13 05:25:09"
"402","254","647","Issued","2025-06-22 06:44:07"
"403","630","564","Returned","2024-10-17 11:01:08"
"404","771","395","Returned","2024-11-21 03:22:40"
"405","9","123","Issued","2025-06-26 02:35:05"
"406","802","858","Issued","2024-08-02 10:51:53"
"407","851","834","Issued","2025-02-25 15:59:46"
"408","860","961","Issued","2025-02-06 14:30:50"
"409","895","727","Returned","2024-07-28 17:54:50"
"410","500","215","Issued","2025-03-02 14:17:53"
"411","51","308","Returned","2024-09-11 22:50:52"
"412","921","294","Returned","2024-08-07 10:59:31"
"413","10","377","Returned","2025-01-21 09:14:50"
"414","962","695","Returned","2025-04-06 01:34:27"
"415","634","524","Issued","2024-08-04 22:22:28"
"416","283","239","Issued","2024-10-07 06:46:58"
"417","505","978","Issued","2025-06-08 23:01:18"
"418","564","882","Issued","2024-08-11 16:00:52"
"419","932","739","Returned","2025-06-10 09:25:57"
"420","121","131","Issued","2024-06-28 23:28:55"
"421","253","600","Returned","2024-08-19 20:30:50"
"422","921","265","Issued","2024-11-03 19:17:34"
"423","321","638","Returned","2024-12-03 06:08:42"
"424","367","731","Issued","2024-08-18 13:22:21"
"425","431","10","Returned","2025-02-05 09:27:05"
"426","672","254","Returned","2025-02-06 14:56:43"
"427","15","184","Returned","2025-01-28 15:32:49"
"428","934","110","Returned","2025-02-14 12:44:28"
"429","79","300","Issued","2024-10-27 15:35:08"
"430","948","679","Returned","2025-05-13 00:31:27"
"431","470","526","Issued","2024-09-30 23:38:10"
"432","260","312","Issued","2025-05-11 08:31:11"
"433","910","516","Issued","2024-12-31 08:12:48"
"434","325","656","Issued","2024-09-22 16:14:10"
"435","414","854","Issued","2024-09-03 13:14:54"
"436","835","530","Returned","2025-04-06 18:22:18"
"437","989","934","Issued","2024-09-22 09:02:35"
"438","985","596","Issued","2024-08-29 16:58:29"
"439","121","825","Returned","2025-06-06 15:00:19"
"440","80","48","Issued","2024-07-12 00:12:27"
"441","773","92","Issued","2024-08-23 07:27:32"
"442","464","70","Issued","2024-09-07 17:36:51"
"443","434","862","Returned","2024-08-30 16:22:47"
"444","183","180","Issued","2025-02-01 19:43:59"
"445","134","91","Issued","2025-05-06 17:23:59"
"446","552","679","Returned","2025-03-18 00:04:47"
"447","143","432","Returned","2025-06-06 04:13:26"
"448","363","866","Issued","2025-05-03 09:13:20"
"449","409","445","Issued","2025-02-14 05:16:54"
"450","852","90","Issued","2024-12-22 13:49:19"
"451","297","689","Returned","2025-06-23 16:48:33"
"452","47","117","Issued","2024-08-11 04:20:37"
"453","611","147","Returned","2024-08-06 12:24:03"
"454","990","873","Returned","2024-10-31 09:30:15"
"455","775","32","Returned","2024-09-24 18:07:14"
"456","19","878","Issued","2024-12-01 00:11:47"
"457","703","806","Returned","2025-04-28 02:57:02"
"458","162","165","Issued","2024-12-02 16:17:36"
"459","942","826","Issued","2024-09-07 09:23:24"
"460","681","677","Returned","2024-09-18 01:29:58"
"461","492","944","Returned","2024-11-02 19:11:14"
"462","682","868","Returned","2024-11-08 10:31:35"
"463","842","504","Issued","2024-10-22 18:50:04"
"464","98","687","Issued","2024-08-22 23:52:48"
"465","613","946","Issued","2025-03-11 23:00:56"
"466","103","753","Issued","2024-10-29 03:14:20"
"467","830","728","Returned","2024-12-19 05:11:03"
"468","461","988","Issued","2024-09-12 13:09:40"
"469","433","227","Issued","2024-12-10 20:17:19"
"470","328","907","Issued","2025-04-07 01:49:51"
"471","852","591","Returned","2024-12-18 15:18:34"
"472","213","362","Issued","2025-01-17 08:58:38"
"473","556","768","Returned","2024-12-06 06:37:48"
"474","253","127","Returned","2024-09-20 09:11:20"
"475","400","674","Returned","2024-10-29 10:09:36"
"476","128","29","Issued","2025-03-15 11:41:55"
"477","383","14","Issued","2025-01-24 01:43:41"
"478","32","779","Issued","2025-03-21 23:20:38"
"479","895","825","Returned","2024-11-05 21:00:10"
"480","351","344","Returned","2025-02-01 10:05:02"
"481","316","672","Returned","2024-06-29 17:47:19"
"482","256","69","Issued","2024-08-22 01:05:43"
"483","999","21","Issued","2024-07-06 07:42:42"
"484","276","322","Returned","2024-11-01 05:36:36"
"485","923","321","Returned","2025-04-16 13:09:40"
"486","236","255","Returned","2025-03-19 21:49:53"
"487","497","793","Returned","2025-05-15 06:22:43"
"488","246","936","Issued","2025-02-11 17:54:08"
"489","836","232","Issued","2024-10-16 22:24:59"
"490","556","999","Returned","2025-04-14 22:29:06"
"491","429","239","Returned","2025-04-07 05:24:22"
"492","504","377","Issued","2025-03-24 17:38:03"
"493","494","92","Issued","2025-06-21 00:32:51"
"494","672","124","Issued","2025-04-03 12:26:55"
"495","473","248","Issued","2024-08-29 08:50:16"
"496","804","850","Returned","2024-08-05 17:35:53"
"497","395","531","Returned","2024-09-04 05:35:14"
"498","196","469","Issued","2025-03-20 00:28:17"
"499","854","79","Issued","2024-12-09 15:47:03"
"500","915","707","Issued","2025-05-07 03:14:13"
"501","270","390","Issued","2024-10-13 15:58:21"
"502","119","466","Issued","2025-06-20 23:57:05"
"503","605","586","Returned","2024-10-01 11:06:25"
"504","707","612","Issued","2025-04-27 03:32:04"
"505","627","720","Returned","2024-07-05 19:44:34"
"506","310","192","Issued","2024-10-25 03:03:00"
"507","387","905","Returned","2025-03-10 05:23:53"
"508","526","395","Issued","2025-01-11 03:53:19"
"509","161","801","Returned","2024-10-04 00:07:37"
"510","787","448","Issued","2025-04-18 21:17:46"
"511","479","156","Returned","2024-07-14 09:55:50"
"512","879","678","Issued","2025-02-21 16:35:36"
"513","89","386","Issued","2025-03-27 04:42:13"
"514","820","498","Issued","2024-10-09 01:39:27"
"515","743","173","Returned","2025-06-12 20:57:29"
"516","645","553","Returned","2024-09-01 15:53:56"
"517","452","110","Issued","2025-02-02 10:42:17"
"518","573","221","Issued","2024-11-01 14:16:39"
"519","770","475","Returned","2024-10-18 00:51:54"
"520","13","511","Returned","2024-12-08 05:28:01"
"521","702","685","Returned","2024-12-17 19:32:34"
"522","233","84","Returned","2025-04-14 14:06:01"
"523","500","703","Returned","2025-06-21 18:07:46"
"524","443","125","Returned","2024-09-08 09:50:30"
"525","266","187","Issued","2025-04-24 13:24:19"
"526","553","848","Issued","2025-04-21 22:54:41"
"527","880","268","Issued","2024-08-12 21:31:29"
"528","195","181","Returned","2025-06-12 02:21:05"
"529","566","513","Returned","2025-02-24 20:22:50"
"530","585","410","Returned","2024-11-27 01:12:44"
"531","418","441","Returned","2025-01-04 04:09:59"
"532","327","692","Returned","2024-09-25 07:26:10"
"533","238","761","Issued","2024-08-13 04:24:40"
"534","345","124","Issued","2025-03-17 21:03:52"
"535","832","455","Returned","2024-08-26 22:25:16"
"536","515","552","Issued","2025-04-23 10:39:46"
"537","864","828","Returned","2024-12-04 00:00:27"
"538","655","991","Issued","2024-10-09 17:52:24"
"539","402","651","Returned","2024-08-03 03:02:17"
"540","284","719","Issued","2024-06-30 08:51:57"
"541","101","95","Issued","2024-08-02 11:43:16"
"542","412","453","Issued","2024-08-03 02:04:52"
"543","86","392","Issued","2025-03-18 19:11:21"
"544","920","955","Issued","2025-02-04 19:30:54"
"545","313","855","Issued","2025-03-18 02:37:03"
"546","683","796","Returned","2024-09-28 09:23:49"
"547","886","509","Issued","2024-11-03 00:32:42"
"548","337","118","Issued","2024-08-31 00:12:36"
"549","204","17","Returned","2025-03-11 18:49:30"
"550","590","281","Returned","2025-06-19 04:16:33"
"551","983","29","Issued","2024-07-04 14:11:52"
"552","638","983","Issued","2024-07-21 08:50:21"
"553","910","894","Returned","2024-09-13 14:10:47"
"554","153","35","Returned","2025-02-11 15:15:31"
"555","988","562","Issued","2024-08-25 03:17:31"
"556","191","316","Returned","2025-06-22 12:49:38"
"557","320","870","Issued","2024-10-06 05:53:36"
"558","185","64","Issued","2025-03-13 18:11:45"
"559","81","930","Issued","2025-05-07 00:27:23"
"560","991","289","Returned","2024-07-16 02:22:58"
"561","402","826","Issued","2025-04-30 19:14:44"
"562","305","916","Issued","2025-03-16 16:16:44"
"563","863","293","Returned","2025-06-02 14:00:25"
"564","119","609","Returned","2024-10-21 10:15:59"
"565","194","313","Issued","2025-05-08 17:32:05"
"566","844","318","Returned","2024-08-16 17:53:53"
"567","302","991","Returned","2025-06-18 16:19:11"
"568","719","250","Returned","2025-03-16 20:30:16"
"569","490","69","Issued","2025-05-19 14:44:39"
"570","737","268","Returned","2024-06-26 19:40:22"
"571","918","306","Returned","2024-10-03 12:20:56"
"572","901","565","Returned","2025-03-31 02:37:31"
"573","149","125","Issued","2024-08-25 14:51:24"
"574","208","132","Issued","2024-10-22 08:23:46"
"575","468","814","Returned","2024-10-29 23:28:25"
"576","109","947","Issued","2024-11-21 16:45:00"
"577","372","974","Issued","2024-09-06 05:19:42"
"578","765","413","Returned","2024-06-30 19:19:42"
"579","389","113","Returned","2025-05-12 06:33:31"
"580","506","344","Returned","2024-10-25 10:22:38"
"581","932","785","Issued","2024-12-25 06:31:30"
"582","415","112","Issued","2024-11-27 11:37:54"
"583","873","110","Returned","2024-07-15 10:11:25"
"584","601","91","Issued","2025-04-29 13:26:04"
"585","716","504","Returned","2024-10-07 05:52:40"
"586","587","816","Issued","2024-09-14 16:13:37"
"587","8","98","Issued","2024-07-31 22:56:55"
"588","760","143","Returned","2025-05-22 15:50:10"
"589","729","430","Issued","2025-05-15 16:06:16"
"590","662","25","Issued","2024-07-16 16:42:02"
"591","486","997","Returned","2025-06-04 14:41:36"
"592","558","760","Issued","2024-12-28 13:27:52"
"593","165","101","Issued","2025-03-30 12:16:13"
"594","534","877","Returned","2025-03-15 11:21:50"
"595","620","670","Issued","2024-07-25 19:22:44"
"596","302","580","Returned","2025-06-11 16:29:07"
"597","936","182","Returned","2024-11-13 18:26:08"
"598","890","700","Issued","2024-08-20 02:12:48"
"599","465","858","Returned","2025-06-07 17:03:21"
"600","1000","935","Issued","2025-01-25 03:44:22"
"601","666","782","Issued","2024-10-19 00:35:48"
"602","957","965","Returned","2025-03-14 11:43:37"
"603","415","441","Issued","2025-02-19 06:07:07"
"604","964","664","Issued","2024-12-10 00:58:26"
"605","618","750","Returned","2025-05-15 15:04:28"
"606","477","980","Returned","2024-10-24 11:16:25"
"607","997","595","Returned","2024-07-22 11:57:16"
"608","222","620","Returned","2024-08-04 02:24:29"
"609","554","928","Returned","2024-11-16 15:25:23"
"610","506","671","Issued","2025-02-09 07:09:21"
"611","933","718","Issued","2024-08-20 16:58:57"
"612","740","726","Returned","2025-04-15 17:30:04"
"613","478","644","Issued","2025-02-18 11:57:26"
"614","54","372","Issued","2025-02-19 12:00:42"
"615","353","140","Returned","2024-11-18 07:10:11"
"616","925","199","Issued","2025-02-12 05:52:46"
"617","783","884","Issued","2024-11-16 04:59:00"
"618","120","567","Returned","2024-12-24 13:39:53"
"619","392","336","Issued","2025-05-17 01:20:29"
"620","602","611","Issued","2024-07-13 22:29:29"
"621","70","964","Returned","2025-05-17 11:46:44"
"622","699","668","Issued","2024-08-24 07:26:03"
"623","426","533","Issued","2025-06-18 04:54:45"
"624","43","600","Returned","2025-03-28 14:31:42"
"625","446","353","Issued","2024-12-27 07:14:10"
"626","434","545","Returned","2024-12-20 01:47:53"
"627","817","535","Issued","2024-07-02 11:37:27"
"628","802","486","Issued","2024-10-26 11:25:07"
"629","429","286","Issued","2025-02-08 14:51:33"
"630","418","614","Issued","2024-09-09 15:16:01"
"631","690","383","Issued","2025-03-03 07:00:49"
"632","27","609","Returned","2024-11-20 15:59:21"
"633","506","681","Issued","2024-09-01 08:07:28"
"634","550","439","Returned","2025-06-19 09:01:02"
"635","578","327","Issued","2024-11-11 16:23:56"
"636","773","336","Returned","2024-12-08 04:14:21"
"637","936","263","Issued","2024-07-22 20:29:00"
"638","683","103","Returned","2024-11-16 23:13:41"
"639","59","52","Returned","2025-03-12 04:39:20"
"640","338","841","Issued","2024-08-08 11:03:42"
"641","907","844","Returned","2025-04-04 10:28:07"
"642","418","513","Issued","2024-08-06 22:34:46"
"643","600","514","Returned","2025-05-06 02:18:17"
"644","290","216","Returned","2024-07-29 11:04:51"
"645","733","44","Issued","2024-12-30 15:17:58"
"646","470","660","Returned","2025-03-18 10:44:16"
"647","693","62","Returned","2024-12-27 16:26:04"
"648","666","300","Issued","2025-05-20 04:20:13"
"649","838","319","Issued","2025-04-29 00:56:54"
"650","439","424","Issued","2024-09-17 04:35:50"
"651","410","483","Returned","2024-09-12 11:59:18"
"652","490","553","Returned","2025-01-04 01:02:26"
"653","890","242","Issued","2024-06-28 11:55:57"
"654","429","98","Returned","2024-09-12 00:10:17"
"655","548","37","Issued","2025-01-25 03:28:41"
"656","273","687","Returned","2024-08-06 00:15:09"
"657","348","535","Issued","2025-03-13 14:10:52"
"658","926","240","Issued","2024-08-30 13:47:53"
"659","154","833","Returned","2025-01-20 02:17:20"
"660","490","403","Returned","2025-02-09 07:46:51"
"661","641","664","Returned","2025-04-30 14:15:53"
"662","285","398","Returned","2025-04-11 14:47:58"
"663","802","203","Issued","2025-04-28 15:31:47"
"664","290","498","Issued","2024-11-10 13:56:30"
"665","323","668","Issued","2025-06-17 14:41:18"
"666","395","268","Returned","2025-01-15 14:40:44"
"667","87","358","Issued","2024-12-15 23:20:23"
"668","118","601","Issued","2025-05-16 13:28:03"
"669","313","592","Issued","2024-10-02 07:05:40"
"670","407","419","Returned","2024-11-21 15:25:54"
"671","406","999","Issued","2025-02-27 00:04:49"
"672","324","16","Issued","2024-12-13 00:40:52"
"673","804","122","Issued","2024-08-06 23:59:14"
"674","506","535","Issued","2024-11-13 06:11:02"
"675","428","194","Issued","2024-08-26 19:37:25"
"676","628","74","Returned","2025-05-12 15:43:31"
"677","367","20","Issued","2025-01-04 06:42:09"
"678","890","785","Issued","2024-12-08 02:14:41"
"679","46","85","Issued","2025-04-26 02:40:53"
"680","40","36","Returned","2025-03-16 16:19:27"
"681","67","888","Issued","2025-05-15 04:57:03"
"682","988","784","Issued","2025-05-15 08:39:27"
"683","233","438","Issued","2025-06-01 19:11:00"
"684","253","40","Issued","2025-05-24 21:30:07"
"685","631","526","Issued","2024-06-30 02:29:49"
"686","561","774","Returned","2024-10-06 19:47:40"
"687","295","397","Issued","2024-12-19 05:20:07"
"688","69","76","Issued","2024-10-19 16:04:08"
"689","938","902","Returned","2025-03-05 17:06:38"
"690","559","348","Issued","2024-08-03 13:14:24"
"691","939","670","Issued","2025-01-23 14:30:41"
"692","962","542","Issued","2024-08-14 21:14:15"
"693","318","610","Issued","2025-05-09 21:17:19"
"694","442","488","Issued","2024-07-16 03:55:11"
"695","507","632","Returned","2024-12-30 11:02:33"
"696","588","113","Returned","2025-05-15 20:51:19"
"697","815","662","Returned","2025-05-11 23:34:22"
"698","267","799","Issued","2024-10-16 13:24:20"
"699","939","67","Returned","2025-06-04 18:15:38"
"700","679","501","Returned","2024-08-19 00:57:17"
"701","944","103","Issued","2024-08-05 07:14:31"
"702","492","993","Returned","2024-10-02 13:50:50"
"703","405","732","Issued","2024-12-07 03:43:55"
"704","833","680","Returned","2025-03-30 16:11:47"
"705","846","595","Issued","2025-05-17 10:31:42"
"706","287","98","Returned","2024-08-20 05:33:06"
"707","267","498","Issued","2024-12-07 21:20:11"
"708","518","680","Returned","2024-06-30 11:10:04"
"709","167","370","Returned","2024-07-29 03:11:22"
"710","990","498","Issued","2025-03-29 04:02:13"
"711","986","519","Returned","2024-08-16 01:26:21"
"712","524","41","Issued","2025-01-28 15:21:21"
"713","710","19","Issued","2025-03-22 01:44:56"
"714","763","66","Returned","2025-06-24 21:37:23"
"715","28","640","Returned","2024-11-06 03:55:38"
"716","81","899","Returned","2025-04-25 20:34:56"
"717","935","332","Returned","2024-09-18 17:35:00"
"718","420","517","Issued","2025-03-02 22:36:24"
"719","173","494","Issued","2025-06-14 23:44:47"
"720","910","946","Issued","2025-04-04 23:07:04"
"721","279","979","Issued","2024-11-23 07:35:11"
"722","114","334","Returned","2025-04-17 05:53:14"
"723","917","132","Issued","2025-02-02 11:59:16"
"724","649","827","Issued","2024-07-31 00:41:48"
"725","738","193","Issued","2025-02-19 02:37:38"
"726","516","2","Issued","2024-10-29 14:41:12"
"727","598","277","Returned","2024-09-26 01:43:24"
"728","673","874","Returned","2025-06-21 07:24:26"
"729","118","322","Returned","2025-06-06 16:59:55"
"730","53","502","Issued","2024-10-24 19:46:16"
"731","469","750","Issued","2024-09-25 22:44:54"
"732","420","500","Returned","2024-09-22 08:52:17"
"733","647","468","Issued","2024-10-12 09:49:47"
"734","766","73","Returned","2024-11-24 13:24:22"
"735","727","15","Returned","2025-06-06 04:50:36"
"736","769","146","Issued","2024-07-12 04:43:14"
"737","122","64","Returned","2024-08-09 03:22:26"
"738","484","653","Returned","2024-10-15 20:28:55"
"739","976","442","Returned","2025-02-23 07:37:26"
"740","767","832","Returned","2025-05-13 18:53:58"
"741","240","717","Issued","2024-12-31 18:54:43"
"742","363","192","Returned","2024-10-04 23:44:01"
"743","430","167","Issued","2025-01-27 12:29:58"
"744","70","489","Returned","2025-02-27 06:42:58"
"745","379","345","Issued","2024-09-18 16:36:06"
"746","384","772","Issued","2024-12-20 19:47:21"
"747","700","721","Returned","2024-10-01 18:23:03"
"748","777","229","Returned","2025-02-05 17:26:53"
"749","90","391","Returned","2024-08-13 02:04:51"
"750","789","309","Returned","2025-04-30 04:36:10"
"751","721","777","Returned","2024-09-22 00:00:47"
"752","203","882","Returned","2024-10-29 04:24:34"
"753","679","474","Returned","2024-12-18 21:13:04"
"754","191","850","Returned","2025-02-28 01:07:19"
"755","763","470","Issued","2024-12-10 19:15:36"
"756","477","91","Issued","2024-07-03 11:07:55"
"757","956","817","Issued","2024-09-24 18:36:59"
"758","291","270","Returned","2024-09-04 13:42:11"
"759","618","394","Issued","2025-06-15 12:54:04"
"760","458","52","Returned","2024-12-22 11:35:40"
"761","220","226","Returned","2025-04-13 04:23:15"
"762","33","122","Returned","2025-04-28 15:03:35"
"763","620","354","Issued","2025-06-04 16:47:15"
"764","895","364","Issued","2024-12-26 09:28:04"
"765","716","300","Returned","2025-04-26 21:41:43"
"766","287","590","Issued","2024-07-29 04:04:12"
"767","699","594","Issued","2025-06-04 18:14:09"
"768","169","290","Issued","2024-07-25 05:28:13"
"769","592","785","Issued","2025-01-28 14:39:56"
"770","60","970","Returned","2024-09-08 19:57:20"
"771","163","676","Returned","2024-11-09 23:18:44"
"772","630","383","Issued","2025-03-07 19:33:00"
"773","880","313","Issued","2024-08-07 15:35:36"
"774","752","761","Issued","2025-05-04 06:10:35"
"775","666","128","Issued","2025-02-01 23:04:56"
"776","231","405","Returned","2025-05-18 01:28:38"
"777","887","5","Returned","2024-12-25 02:49:46"
"778","789","112","Returned","2025-01-08 23:36:14"
"779","938","777","Issued","2024-12-05 02:49:25"
"780","871","450","Returned","2025-02-19 22:31:58"
"781","396","43","Returned","2025-04-02 05:16:32"
"782","353","875","Returned","2024-12-20 06:32:30"
"783","727","184","Issued","2024-10-12 15:55:46"
"784","226","817","Issued","2025-04-23 05:15:47"
"785","353","646","Returned","2025-04-10 19:42:53"
"786","13","816","Returned","2025-05-24 21:40:04"
"787","218","593","Returned","2024-11-06 04:08:18"
"788","100","489","Returned","2024-09-05 10:43:44"
"789","325","278","Issued","2024-10-29 08:49:38"
"790","35","572","Issued","2025-03-19 01:50:34"
"791","564","342","Returned","2024-07-30 04:18:57"
"792","58","404","Returned","2024-08-14 16:17:29"
"793","823","969","Issued","2024-07-22 19:51:04"
"794","994","973","Returned","2024-08-27 15:02:47"
"795","258","71","Issued","2025-02-19 08:07:43"
"796","505","408","Returned","2025-01-19 00:09:11"
"797","613","656","Returned","2025-06-19 18:24:11"
"798","335","209","Returned","2024-12-15 22:20:18"
"799","290","674","Returned","2024-07-03 06:12:37"
"800","289","287","Issued","2024-10-02 05:26:27"
"801","8","763","Returned","2025-01-18 13:28:10"
"802","364","754","Returned","2024-10-21 20:37:41"
"803","181","914","Issued","2024-07-08 20:33:08"
"804","842","829","Issued","2024-10-04 19:55:25"
"805","71","844","Returned","2025-06-15 09:41:36"
"806","410","493","Issued","2025-01-17 20:25:06"
"807","52","344","Issued","2025-02-25 23:32:05"
"808","213","507","Returned","2024-09-12 20:07:00"
"809","574","967","Returned","2024-08-14 04:45:13"
"810","532","484","Returned","2025-06-07 16:07:13"
"811","215","178","Issued","2025-01-20 00:42:31"
"812","27","136","Issued","2024-07-18 16:41:37"
"813","959","365","Returned","2025-02-02 16:23:00"
"814","927","963","Returned","2025-04-05 13:58:02"
"815","580","29","Returned","2025-04-15 04:51:09"
"816","979","492","Issued","2025-05-01 06:57:51"
"817","380","386","Returned","2024-11-20 02:18:03"
"818","477","321","Returned","2025-06-14 20:37:51"
"819","467","195","Issued","2025-01-27 02:09:44"
"820","245","73","Returned","2025-03-19 01:24:49"
"821","339","369","Issued","2024-11-11 07:59:49"
"822","707","920","Returned","2024-07-15 18:17:34"
"823","698","138","Returned","2025-06-08 16:23:02"
"824","415","114","Issued","2025-06-12 16:00:19"
"825","204","650","Returned","2025-04-25 17:22:42"
"826","803","520","Returned","2025-03-20 23:10:51"
"827","552","25","Issued","2025-01-26 02:07:34"
"828","203","948","Returned","2025-01-01 03:05:09"
"829","677","947","Returned","2024-12-23 23:16:53"
"830","282","498","Issued","2024-10-02 15:10:35"
"831","76","611","Issued","2024-08-03 05:45:00"
"832","937","501","Returned","2024-12-31 13:14:21"
"833","113","38","Issued","2025-03-14 01:11:38"
"834","513","95","Issued","2024-10-13 08:43:11"
"835","488","803","Issued","2025-02-17 20:50:48"
"836","427","193","Returned","2025-04-20 11:01:05"
"837","16","163","Issued","2024-12-11 15:42:42"
"838","408","382","Returned","2024-07-20 05:20:05"
"839","268","253","Returned","2025-02-21 15:43:00"
"840","569","798","Issued","2024-10-16 09:42:51"
"841","904","404","Returned","2024-10-30 19:26:49"
"842","295","405","Issued","2025-04-06 08:38:59"
"843","959","595","Issued","2025-05-01 21:03:02"
"844","363","531","Issued","2025-02-14 23:50:51"
"845","601","289","Returned","2025-01-05 08:55:36"
"846","176","458","Issued","2024-08-06 23:04:26"
"847","608","25","Issued","2024-12-23 04:50:16"
"848","725","682","Returned","2024-07-29 19:10:24"
"849","690","854","Issued","2024-12-27 11:30:53"
"850","313","133","Returned","2024-07-16 19:13:12"
"851","606","352","Issued","2025-01-29 11:26:52"
"852","833","568","Issued","2025-04-20 06:11:27"
"853","629","440","Returned","2025-01-02 06:38:47"
"854","211","834","Issued","2025-04-25 08:50:40"
"855","89","673","Returned","2024-09-05 06:56:56"
"856","824","163","Issued","2025-06-12 00:16:57"
"857","305","612","Issued","2024-11-13 08:40:34"
"858","214","343","Returned","2025-04-17 10:40:50"
"859","157","208","Issued","2024-09-23 06:35:30"
"860","760","54","Issued","2024-11-30 12:28:48"
"861","597","132","Issued","2025-06-18 15:16:07"
"862","657","845","Returned","2024-11-13 23:40:28"
"863","378","17","Returned","2024-08-09 18:29:15"
"864","738","711","Issued","2025-04-04 19:40:55"
"865","556","178","Issued","2024-07-16 14:21:53"
"866","702","305","Returned","2025-01-17 08:25:02"
"867","877","407","Issued","2024-07-21 02:24:03"
"868","276","428","Issued","2024-10-20 22:02:00"
"869","421","959","Issued","2024-12-28 11:14:29"
"870","853","706","Returned","2025-01-02 14:59:24"
"871","922","858","Issued","2024-12-17 07:55:14"
"872","961","822","Issued","2024-10-27 04:58:53"
"873","944","308","Returned","2024-07-04 08:11:25"
"874","440","962","Issued","2024-09-30 22:34:20"
"875","11","991","Returned","2025-05-21 21:05:27"
"876","168","285","Issued","2024-06-29 05:52:47"
"877","884","74","Issued","2024-09-02 08:28:41"
"878","280","898","Returned","2025-05-13 12:31:30"
"879","876","355","Issued","2024-09-11 16:56:01"
"880","152","730","Issued","2025-05-03 17:22:52"
"881","756","338","Issued","2024-09-14 18:58:44"
"882","730","673","Returned","2024-09-12 19:50:07"
"883","423","109","Returned","2025-05-30 23:05:32"
"884","445","793","Issued","2025-05-06 07:00:25"
"885","549","765","Returned","2024-10-14 12:52:24"
"886","309","443","Returned","2025-02-02 06:29:28"
"887","739","852","Returned","2024-11-10 02:35:51"
"888","343","121","Issued","2025-01-17 12:54:08"
"889","728","913","Returned","2025-03-01 16:28:21"
"890","129","75","Returned","2024-07-30 11:02:08"
"891","81","392","Returned","2025-04-24 11:59:28"
"892","180","677","Issued","2024-10-02 19:50:56"
"893","635","717","Returned","2024-11-30 09:38:53"
"894","822","919","Issued","2024-09-07 15:37:34"
"895","774","147","Returned","2025-05-15 22:11:09"
"896","940","905","Issued","2024-08-19 22:41:34"
"897","406","343","Issued","2024-08-30 05:10:17"
"898","162","966","Issued","2025-02-16 21:10:05"
"899","865","41","Returned","2024-07-22 15:04:53"
"900","406","513","Returned","2024-10-17 16:44:17"
"901","584","539","Issued","2025-03-28 06:17:57"
"902","724","19","Issued","2024-08-19 14:44:34"
"903","760","882","Returned","2025-05-07 03:13:05"
"904","659","219","Issued","2025-01-21 17:17:14"
"905","457","155","Returned","2025-06-03 06:58:06"
"906","872","221","Issued","2025-01-11 22:15:32"
"907","199","769","Issued","2024-10-03 17:38:07"
"908","833","199","Issued","2025-01-11 16:29:29"
"909","459","111","Returned","2025-05-31 02:32:24"
"910","161","155","Returned","2025-04-01 02:17:11"
"911","590","874","Issued","2024-10-15 11:09:18"
"912","236","51","Issued","2025-04-01 21:28:41"
"913","889","89","Issued","2025-01-06 07:07:27"
"914","381","480","Returned","2024-10-08 15:49:29"
"915","418","438","Issued","2024-10-15 16:25:38"
"916","749","894","Returned","2024-09-03 01:36:24"
"917","613","316","Issued","2025-04-24 07:35:07"
"918","272","782","Returned","2024-10-29 08:31:18"
"919","477","463","Issued","2024-08-26 14:05:18"
"920","154","11","Issued","2025-05-08 01:19:48"
"921","901","188","Issued","2024-12-25 22:08:44"
"922","225","725","Returned","2024-09-12 07:10:47"
"923","821","810","Issued","2024-07-10 05:03:26"
"924","418","343","Issued","2025-05-04 03:34:19"
"925","287","662","Returned","2024-08-16 04:03:37"
"926","789","132","Returned","2024-10-01 11:05:19"
"927","273","436","Returned","2025-01-05 07:26:58"
"928","598","672","Returned","2024-12-25 01:20:20"
"929","460","91","Returned","2025-02-28 03:00:48"
"930","481","133","Issued","2024-12-24 00:51:38"
"931","37","403","Returned","2024-09-12 14:03:44"
"932","659","91","Issued","2025-04-23 08:46:30"
"933","174","198","Issued","2024-08-19 17:17:00"
"934","111","511","Returned","2025-02-28 03:56:16"
"935","946","411","Issued","2025-03-24 11:30:34"
"936","271","500","Issued","2024-11-10 12:30:45"
"937","846","410","Issued","2025-01-19 15:54:31"
"938","929","609","Returned","2024-09-20 00:40:13"
"939","661","816","Returned","2025-01-22 19:07:09"
"940","211","461","Issued","2025-06-10 03:51:40"
"941","180","511","Returned","2025-05-14 14:23:28"
"942","309","406","Issued","2024-11-01 00:29:35"
"943","889","883","Issued","2025-04-04 10:52:31"
"944","685","484","Issued","2025-01-22 15:48:12"
"945","522","652","Returned","2024-08-15 11:38:31"
"946","533","439","Issued","2024-08-28 05:49:18"
"947","292","630","Issued","2025-03-27 21:00:26"
"948","95","456","Issued","2025-01-30 14:18:26"
"949","199","759","Issued","2024-12-19 19:27:08"
"950","74","115","Issued","2025-05-25 20:00:36"
"951","917","738","Returned","2025-02-07 19:49:47"
"952","895","554","Returned","2025-06-26 06:22:45"
"953","321","182","Issued","2024-08-08 20:01:35"
"954","760","436","Returned","2025-03-31 07:20:55"
"955","475","468","Issued","2025-02-08 16:54:39"
"956","218","198","Returned","2025-03-12 13:48:16"
"957","143","846","Returned","2025-02-07 01:46:38"
"958","172","915","Returned","2024-08-27 18:02:02"
"959","494","684","Returned","2024-07-01 12:16:54"
"960","959","486","Issued","2024-09-07 20:44:34"
"961","271","860","Issued","2024-11-21 19:33:37"
"962","693","358","Issued","2024-07-02 22:15:40"
"963","687","293","Returned","2025-03-08 04:12:53"
"964","836","232","Returned","2024-08-10 10:30:26"
"965","490","352","Issued","2025-04-03 23:16:51"
"966","58","884","Issued","2025-05-28 23:32:24"
"967","956","904","Issued","2024-11-04 07:30:16"
"968","99","104","Returned","2024-09-16 10:53:28"
"969","133","441","Issued","2025-04-14 06:38:26"
"970","664","471","Issued","2024-09-02 21:14:35"
"971","821","206","Issued","2024-11-17 15:56:47"
"972","892","777","Issued","2024-07-20 16:33:28"
"973","423","242","Issued","2025-04-17 09:10:52"
"974","678","334","Issued","2024-09-16 03:07:12"
"975","698","704","Issued","2024-10-25 16:09:04"
"976","569","616","Issued","2024-07-29 14:26:46"
"977","532","260","Issued","2025-05-17 22:10:40"
"978","590","928","Issued","2025-04-05 06:39:32"
"979","141","656","Issued","2024-08-17 09:53:54"
"980","99","269","Returned","2025-03-05 06:56:13"
"981","114","557","Returned","2025-06-13 00:32:12"
"982","89","554","Returned","2025-02-07 16:05:08"
"983","986","520","Issued","2025-05-22 08:58:36"
"984","803","585","Returned","2024-07-12 19:19:06"
"985","702","956","Returned","2024-10-08 23:00:53"
"986","906","559","Returned","2024-10-10 20:51:16"
"987","209","991","Issued","2024-12-22 08:38:34"
"988","139","476","Returned","2025-01-04 08:59:51"
"989","478","607","Returned","2025-04-22 02:44:21"
"990","527","369","Issued","2024-08-18 02:31:45"
"991","982","896","Returned","2025-02-07 07:54:35"
"992","26","211","Returned","2025-04-11 11:43:49"
"993","208","290","Returned","2025-05-08 02:47:29"
"994","196","741","Issued","2025-03-14 15:53:42"
"995","723","712","Issued","2024-12-13 13:02:57"
"996","32","920","Issued","2024-07-17 20:02:14"
"997","991","686","Returned","2025-04-24 09:49:39"
"998","993","497","Issued","2025-01-02 06:12:01"
"999","717","886","Issued","2025-03-06 03:32:17"
"1000","649","794","Issued","2024-12-10 21:23:21"
